PROD,SIZE
Semaglutide,2mg
Semaglutide,5mg
Semaglutide,10mg
Semaglutide,15mg
Semaglutide,20mg
Semaglutide,30mg
Semaglutide,50mg
Tirzepatide,5mg
Tirzepatide,10mg
Tirzepatide,15mg
Tirzepatide,20mg
Tirzepatide,30mg
Tirzepatide,40mg
Tirzepatide,50mg
Tirzepatide,60mg
Tirzepatide,80mg
Tirzepatide,100mg
Retatrutide,5mg
Retatrutide,10mg
Retatrutide,15mg
Retatrutide,20mg
Retatrutide,30mg
Retatrutide,40mg
Retatrutide,50mg
Retatrutide,60mg
CagriSema,10mg
Survodutide,10mg
Mazdutide,5mg
Mazdutide,10mg
Mazdutide,20mg
Adipotide,5mg
Adipotide,10mg
AOD9604,2mg
AOD9604,5mg
AOD9604,10mg
Dulaglutide,5mg
Dulaglutide,10mg
Liraglutide,5mg
Liraglutide,10mg
Liraglutide,30mg
SLU-PP-332,5mg
Ipamorelin,5mg
Ipamorelin,10mg
Tesamorelin,2mg
Tesamorelin,5mg
Tesamorelin,10mg
Tesamorelin,20mg
Sermorelin,2mg
Sermorelin,5mg
Sermorelin,10mg
CJC no-DAC,2mg
CJC no-DAC,5mg
CJC no-DAC,10mg
CJC + DAC,2mg
CJC + DAC,5mg
GHRP-2,5mg
GHRP-2,10mg
GHRP-6,5mg
GHRP-6,10mg
Hexarelin,2mg
Hexarelin,5mg
HCG,2000iu
HCG,5000iu
HMG,75iu
Gonadorelin,5mg
IGF-1 LR3,0.1mg
IGF-1 LR3,1mg
IGF-DES,1mg
BPC-157,2mg
BPC-157,5mg
BPC-157,10mg
TB-500,5mg
TB-500,10mg
Wolverine,10mg
Wolverine,20mg
Glow,70mg
Klow,80mg
LL-37,5mg
Ara-290,10mg
MGF,2mg
PEG-MGF,2mg
Thymosin,2mg
Thymosin,5mg
Thymosin,10mg
Thymalin,10mg
B7-33,2mg
GHK-Cu,50mg
GHK-Cu,100mg
Snap-8,10mg
Botulinum,100iu
Glutathione,1500mg
Glutathione,600mg
Lemon,10mg
L-Carnitine,200mg
L-Carnitine,600mg
L-Carnitine,1200mg
Lipo-C,10mg
KPV,10mg
Epithalon,10mg
Epithalon,50mg
Semax,5mg
Semax,10mg
Selank,5mg
Selank,10mg
Adamax,5mg
Adamax,10mg
DSIP,2mg
DSIP,10mg
Kisspeptin,5mg
Kisspeptin,10mg
Melanotan-2,10mg
Oxytocin,10mg
PT-141,10mg
PE-22-28,10mg
Pinealon,10mg
Humanin,10mg
NAD+,100mg
NAD+,500mg
SS-31,10mg
SS-31,50mg
MOTS-C,10mg
MOTS-C,40mg
5-amino-1mq,5mg
FOXO4-DRI,10mg
PNC-27,10mg
Follistatin,1mg
ACE-031,1mg
AICAR,50mg
GDF-8,1mg
P21,5mg
PTD-DBM,1mg
VIP,10mg
Bronchogen,20mg
Cardiogen,20mg
Cartalax,20mg
Cortagen,20mg
Crystagen,20mg
Vesugen,10mg
